,Title,Score,Url,Timestamp,ID
0,b'pain',7057,b'https://i.redd.it/6owdsddt25781.jpg',2021-12-23 00:12:11,rmbr1q
1,b'Oh no not my DVD player as well',3273,b'https://i.redd.it/w8p4gcive5781.jpg',2021-12-23 01:20:07,rmd70o
2,b'Yeah right',13338,b'https://i.redd.it/cpru1lsw13781.jpg',2021-12-22 17:23:33,rm3osr
3,b'Positive morning affirmations for a successful start to the day',27738,b'https://i.redd.it/qy6purul12781.png',2021-12-22 14:01:08,rm0sq0
4,b'Reality is often disappointing...!!\xf0\x9f\x98\x82',6355,b'https://i.redd.it/fsts223yz2781.png',2021-12-22 17:12:54,rm3j3i
5,"b'Follow-up of ""Pain"" post by @720noscopeGER'",928,b'https://i.redd.it/z4kgi5fwh5781.png',2021-12-23 01:38:23,rmdl90
6,b'self paced course problems',807,b'https://i.redd.it/pfr7wa4ja5781.jpg',2021-12-23 00:55:25,rmcol0
7,b'Trust me on this one John',1685,b'https://i.redd.it/adyd2ijk24781.jpg',2021-12-22 20:49:13,rm7bld
8,b'Hate it when there is no demo page or sometimes even screenshots.',230,b'https://i.redd.it/1svbylt097781.jpg',2021-12-23 07:30:35,rmko2u
9,b'The ^cist (XORcist)',340,b'https://i.redd.it/pxzpfjxpy5781.jpg',2021-12-23 03:11:23,rmfizw
10,b'Some senior devs are just so good and patient with the juniors',3409,b'https://i.redd.it/4m09yiqc82781.jpg',2021-12-22 14:37:54,rm1b60
11,"b""It's a rite of passage""",197,b'https://i.redd.it/negiobsdn6781.jpg',2021-12-23 05:31:04,rmid7i
12,"b'Date, Timestamp, Instant, Calendar, ZonedDateTime, LocalDateTime, ...'",625,b'https://i.redd.it/6z3bcg41q4781.png',2021-12-22 23:01:12,rma6rg
13,"b""Live demo's, anyone?""",75,b'https://imgur.com/22uyThI.jpg',2021-12-23 10:11:49,rmnc63
14,b'Why?',272,b'https://i.redd.it/u9h9salev5781.jpg',2021-12-23 02:52:31,rmf54u
15,b'log4tune',622,b'https://i.redd.it/iw0huobeh4781.jpg',2021-12-22 22:12:13,rm93zt
16,"b""Ooh, there ain't no other way, baby, I was born this way.""",380,b'https://i.redd.it/ushg0qvp95781.jpg',2021-12-23 00:50:51,rmcl6c
17,"b'Me to my junior dev, after I have carefully spent the morning giving her feedback on her third pr, but then she merges to master anyway without making any of those changes because the tech lead and another senior saw no issues opened and yolo approved.'",1419,b'https://d2v7i6t2.map2.ssl.hwcdn.net/content/quotes/5139_500.jpg',2021-12-22 16:39:04,rm30oi
18,b'how people tell you it feels to fix a bug after hours of debugging',1723,b'https://programmerhumor.io/memes/programmerhumor-io-debugging-memes-programming-memes-0f739fdd82f820d.png',2021-12-22 15:35:38,rm247k
19,"b'Constantly torn between eight equally valid but differing levels of confusing explanations for what could be simply described as ""magic""'",49,b'https://i.redd.it/42wd1i9y78781.jpg',2021-12-23 10:49:26,rmo16g
20,b'Do not disturb a programmer...',1342,b'https://i.redd.it/ugqi4o2fu2781.jpg',2021-12-22 16:41:48,rm3287
21,b'Two types of colleagues',317,b'https://i.redd.it/8p65xg0iu4781.png',2021-12-22 23:26:04,rmaq8p
22,b'just happened',92,b'https://i.redd.it/3t0r349du6781.jpg',2021-12-23 06:08:24,rmj45e
23,b'Why would he write it like that?',35,b'https://i.redd.it/ovyegwehb8781.png',2021-12-23 11:06:17,rmoc48
24,b'Freeing up resources',43,b'https://i.redd.it/bmg4smigv7781.jpg',2021-12-23 09:36:43,rmmnkn
25,b'Creator of A Hat in Time knows a thing or two',157,b'https://i.redd.it/llekz6w8t5781.png',2021-12-23 02:40:46,rmewfk
26,b'just add the missing things and run bro',108,b'https://i.redd.it/50nw2v0pr5781.jpg',2021-12-23 02:31:37,rmepci
27,b'Cries in Level Order',21,b'https://i.redd.it/ydzh7y86b8781.jpg',2021-12-23 11:04:29,rmob16
28,b'Hmm',32,b'https://i.redd.it/a6uitr5dn7781.jpg',2021-12-23 08:50:58,rmm7x3
29,b'Look for the simple solution \xe2\x80\xa6',4137,b'https://i.redd.it/nd0k2b1oxz681.jpg',2021-12-22 06:54:24,rltgxi
30,b'Google colab meme (pain)',26,b'https://i.redd.it/wc9ggkr9t7781.jpg',2021-12-23 09:34:10,rmmklx
31,"b""Follow up for u/dagrut's""",16,b'https://i.redd.it/dq6t9dqic8781.jpg',2021-12-23 11:11:56,rmofl5
32,b'I forget } way more than I should',102,b'https://i.redd.it/3v5ilwc385781.png',2021-12-23 00:41:46,rmce6w
33,b'Web3 is all about gradients',20,b'https://i.redd.it/7rcr33tvu7781.png',2021-12-23 09:36:30,rmmna9
34,b'Well.. You see..',92,b'https://i.redd.it/58f846cp75781.jpg',2021-12-23 00:39:41,rmccki
35,b'Refactor this function to reduce its cognitive complexity from 3438 to the 5 allowed.',124,b'https://i.redd.it/h5fexuegj4781.jpg',2021-12-22 22:23:39,rm9ctg
36,b'lifehack: host your discord bot for free by running it in the kubernetes tutorial',114,b'https://i.redd.it/kh5ke951m4781.png',2021-12-22 22:38:15,rm9ojq
37,"b'Follow-up of ""Follow-up of ""Pain"" post by @720noscopeGER"" by @Dagrut'",40,b'https://i.redd.it/0icipsyo36781.png',2021-12-23 03:39:56,rmg4ic
38,b'The duality of programmers. I just want to live on a farm and code\xe2\x80\xa6',81,b'https://i.redd.it/r43onxy1z4781.jpg',2021-12-22 23:51:08,rmbahf
39,"b""The Schr\xc3\xb6dinger's Long""",212,b'https://i.redd.it/gwc76qd483781.png',2021-12-22 17:58:23,rm4957
40,b'Work in tech.',8145,b'https://i.redd.it/uxqwt1nlux681.jpg',2021-12-21 23:53:39,rlkrxf
41,"b'Oh, you wanna test the taskbar? no.'",254,b'https://i.redd.it/bstyeqwes2781.png',2021-12-22 16:30:39,rm2w7s
42,b'Precisely',27,b'https://i.redd.it/0ls78gmzw5781.jpg',2021-12-23 03:01:19,rmfbr0
43,b'This is from one of the top most fintech company.',6,b'https://i.redd.it/y3vgr72ma8781.jpg',2021-12-23 11:01:16,rmo8v4
44,b'Paranoia WAF',139,b'https://i.redd.it/d1y22j2e33781.jpg',2021-12-22 17:31:50,rm3tq0
45,b'I spent a week on it!!',2781,b'https://i.redd.it/mwa2ekr3by681.jpg',2021-12-22 01:26:16,rlmq0e
46,b'Christmas Tree in office kept on Oracle9i Reference Book',4,b'https://i.redd.it/rcjyvvxqo8781.jpg',2021-12-23 12:20:47,rmpkzh
47,"b'yup, consider me sold'",36,b'https://i.redd.it/c7ggs7pe35781.png',2021-12-23 00:17:03,rmbuta
48,b'Graphics programming in Vulkan is easy!',4,b'https://i.redd.it/j4jqbhw5j8781.png',2021-12-23 11:50:09,rmp2ze
49,b'Why spend 15 minutes reading the documentation when you could spend 3 hours on stack overflow',68,b'https://i.imgur.com/WLJugX9.jpg',2021-12-22 20:17:44,rm6ozt
50,b'Nice',15,b'https://i.redd.it/cjeh6ns5g6781.png',2021-12-23 04:48:49,rmhj3m
51,"b""My girlfriend doesn't program. But she likes to learn about it once in a while as a casual distraction. This exchange was not intentional, but it's very appropriate.""",153,b'https://i.redd.it/i5z50vk7f2781.jpg',2021-12-22 15:17:02,rm1uf8
52,b'my old meme',81,b'https://i.redd.it/pn89fngde3781.jpg',2021-12-22 18:33:24,rm4u6r
53,b'Crap',59,b'https://i.redd.it/iqsz3bqmu3781.png',2021-12-22 20:05:13,rm6gh8
54,b'(POTENTIAL MATRIX SPOILER) That is how they get you!',5,b'https://i.redd.it/q90zvd35t7781.png',2021-12-23 09:34:11,rmmkmc
55,"b""I can't take this anymore T_T""",59,b'https://i.redd.it/rg0eigw7s3781.jpg',2021-12-22 19:51:00,rm66v2
56,"b""When you realise you want to work with the best programmers in Europe's Silicon Valley (Cluj - RO)...""",97,b'https://i.redd.it/ctbzlfb4v2781.jpg',2021-12-22 16:47:22,rm358x
57,b'Stupid is smart',14,b'https://i.redd.it/x0tmmtghn5781.png',2021-12-23 02:08:58,rme89l
58,b'The C.V. Translator',125,b'https://i.redd.it/1jflopow82781.png',2021-12-22 14:41:32,rm1d0c
59,b'Type checking',28,b'https://i.redd.it/15ixvntmm4781.png',2021-12-22 22:41:40,rm9rc9
60,"b""21st December, 9PM, Santa's elves are still grinding""",1117,b'https://i.redd.it/ytgchx08oy681.jpg',2021-12-22 02:39:42,rlo9z3
61,b'Spammer as a millionaire \xf0\x9f\xa4\xad',5543,b'https://i.redd.it/kajjtr7hbw681.jpg',2021-12-21 18:44:42,rleg8z
62,b'Ah yes C/C++ for unity 3d and windows',42,b'https://i.redd.it/7iv1l8hdr3781.jpg',2021-12-22 19:46:17,rm63ml
63,"b""Please Stick To The Rivers And The Lakes That You're Used To""",96,b'https://i.redd.it/j91prtbsc2781.jpg',2021-12-22 15:03:28,rm1nrf
64,b'we\xe2\x80\x99re just migrating to 5.0 :(',29,b'https://i.redd.it/qu5s4ktd64781.jpg',2021-12-22 21:10:24,rm7s05
65,"b'""Mockup"" mocking backend programmers'",1490,b'https://i.redd.it/qsjhwhzber681.png',2021-12-21 22:56:51,rljk4h
66,b'Me: *uses my phone for 2 seconds* My mom:',57,b'https://i.redd.it/hjbkxpoor2781.png',2021-12-22 16:26:30,rm2tvn
67,b'When your QA team is on off..',149,b'https://i.redd.it/3gbh2i7d71781.jpg',2021-12-22 11:10:33,rly6mz
68,b'Every time',301,b'https://i.redd.it/f79ikp6730781.jpg',2021-12-22 07:26:18,rlu2ze
69,"b""I don't need a 4 hour tutorial to see sharp""",1260,b'https://i.redd.it/11lw36f3gx681.png',2021-12-21 22:33:29,rlj1vk
70,b'Typical rebase-style git work flow',98,b'https://i.redd.it/gt33f20761781.jpg',2021-12-22 11:05:41,rly3t0
71,b'Zero Trust',450,b'https://i.redd.it/fwc6u6ap4y681.png',2021-12-22 00:50:53,rllzim
72,b'When you compulsively ctrl+S but use a web-based IDE.',223,b'https://i.redd.it/2dob23l58z681.png',2021-12-22 04:31:48,rlqlhv
73,b'whenever i use memset',76,b'https://i.redd.it/em3mru2ex0781.jpg',2021-12-22 10:14:47,rlx836
74,b'I am selected guys but I am not sure if this is my dream job or not',11,b'https://i.redd.it/1em5q00nq3781.jpg',2021-12-22 19:43:01,rm61i5
75,b'HELO World',9,b'https://i.redd.it/3p695fw654781.jpg',2021-12-22 21:04:11,rm7n5x
76,b'How it feels during demos',217,b'https://i.imgur.com/7CSkTl6.jpg',2021-12-22 03:13:41,rloz4d
77,b'Suspicious look...',6,b'https://i.redd.it/57mkey0cl4781.png',2021-12-22 22:34:37,rm9llo
78,"b'Instead of always writing comments,# is also useful for trying new code in python \xf0\x9f\x90\x8d'",67,b'https://i.redd.it/gadh3a8rn0781.jpg',2021-12-22 09:20:40,rlw9gi
79,b'Pass statement',903,b'https://i.redd.it/xhz0zafecw681.png',2021-12-21 18:49:55,rlejcz
80,b'This actually worked though',55,b'https://i.redd.it/oj3rah0po0781.png',2021-12-22 09:26:41,rlwdei
81,b'Songs about C++',333,b'https://i.redd.it/l3rll0hknx681.png',2021-12-21 23:15:43,rljyln
82,b'Latex',341,b'https://i.redd.it/mvw617wxgx681.jpg',2021-12-21 22:37:09,rlj4u9
83,b'Google shall be executed tomorrow morning',47,b'https://i.redd.it/1hgxe0dlm0781.png',2021-12-22 09:14:23,rlw5f0
84,b'Who else can relate?',1068,b'https://i.redd.it/4dxuqxyyiv681.jpg',2021-12-21 16:04:57,rlby2j
